회차,추첨일,1,2,3,4,5,6,보너스
1159,2025.02.15,3.0,9.0,27.0,28.0,38.0,39.0,7
1158,2025.02.08,21.0,25.0,27.0,32.0,37.0,38.0,20
1157,2025.02.01,5.0,7.0,12.0,20.0,25.0,26.0,28
1156,2025.01.25,30.0,31.0,34.0,39.0,41.0,45.0,7
1155,2025.01.18,10.0,16.0,19.0,27.0,37.0,38.0,13
1154,2025.01.11,4.0,8.0,22.0,26.0,32.0,38.0,27
1153,2025.01.04,1.0,9.0,10.0,13.0,35.0,44.0,5
1152,2024.12.28,30.0,31.0,32.0,35.0,36.0,37.0,5
1151,2024.12.21,2.0,3.0,9.0,15.0,27.0,29.0,8
1150,2024.12.14,8.0,9.0,18.0,35.0,39.0,45.0,25
1149,2024.12.07,8.0,15.0,19.0,21.0,32.0,36.0,38
1148,2024.11.30,3.0,6.0,13.0,15.0,16.0,22.0,32
1147,2024.11.23,7.0,11.0,24.0,26.0,27.0,37.0,32
1146,2024.11.16,6.0,11.0,17.0,19.0,40.0,43.0,28
1145,2024.11.09,2.0,11.0,31.0,33.0,37.0,44.0,32
1144,2024.11.02,3.0,4.0,12.0,15.0,26.0,34.0,6
1143,2024.10.26,10.0,16.0,17.0,27.0,28.0,36.0,6
1142,2024.10.19,2.0,8.0,28.0,30.0,37.0,41.0,22
1141,2024.10.12,7.0,11.0,12.0,21.0,26.0,35.0,20
1140,2024.10.05,7.0,10.0,22.0,29.0,31.0,38.0,15
1139,2024.09.28,5.0,12.0,15.0,30.0,37.0,40.0,18
1138,2024.09.21,14.0,16.0,19.0,20.0,29.0,34.0,35
1137,2024.09.14,4.0,9.0,12.0,15.0,33.0,45.0,26
1136,2024.09.07,21.0,33.0,35.0,38.0,42.0,44.0,1
1135,2024.08.31,1.0,6.0,13.0,19.0,21.0,33.0,4
1134,2024.08.24,3.0,7.0,9.0,13.0,19.0,24.0,23
1133,2024.08.17,13.0,14.0,20.0,28.0,29.0,34.0,23
1132,2024.08.10,6.0,7.0,19.0,28.0,34.0,41.0,5
1131,2024.08.03,1.0,2.0,6.0,14.0,27.0,38.0,33
1130,2024.07.27,15.0,19.0,21.0,25.0,27.0,28.0,40
1129,2024.07.20,5.0,10.0,11.0,17.0,28.0,34.0,22
1128,2024.07.13,1.0,5.0,8.0,16.0,28.0,33.0,45
1127,2024.07.06,10.0,15.0,24.0,30.0,31.0,37.0,32
1126,2024.06.29,4.0,5.0,9.0,11.0,37.0,40.0,7
1125,2024.06.22,6.0,14.0,25.0,33.0,40.0,44.0,30
1124,2024.06.15,3.0,8.0,17.0,30.0,33.0,34.0,28
1123,2024.06.08,13.0,19.0,21.0,24.0,34.0,35.0,26
1122,2024.06.01,3.0,6.0,21.0,30.0,34.0,35.0,22
1121,2024.05.25,6.0,24.0,31.0,32.0,38.0,44.0,8
1120,2024.05.18,2.0,19.0,26.0,31.0,38.0,41.0,34
1119,2024.05.11,1.0,9.0,12.0,13.0,20.0,45.0,3
1118,2024.05.04,11.0,13.0,14.0,15.0,16.0,45.0,3
1117,2024.04.27,3.0,4.0,9.0,30.0,33.0,36.0,7
1116,2024.04.20,15.0,16.0,17.0,25.0,30.0,31.0,32
1115,2024.04.13,7.0,12.0,23.0,32.0,34.0,36.0,8
1114,2024.04.06,10.0,16.0,19.0,32.0,33.0,38.0,3
1113,2024.03.30,11.0,13.0,20.0,21.0,32.0,44.0,8
1112,2024.03.23,16.0,20.0,26.0,36.0,42.0,44.0,24
1111,2024.03.16,3.0,13.0,30.0,33.0,43.0,45.0,4
1110,2024.03.09,3.0,7.0,11.0,20.0,22.0,41.0,24
1109,2024.03.02,10.0,12.0,13.0,19.0,33.0,40.0,2
1108,2024.02.24,7.0,19.0,26.0,37.0,39.0,44.0,27
1107,2024.02.17,6.0,14.0,30.0,31.0,40.0,41.0,29
1106,2024.02.10,1.0,3.0,4.0,29.0,42.0,45.0,36
1105,2024.02.03,6.0,16.0,34.0,37.0,39.0,40.0,11
1104,2024.01.27,1.0,7.0,21.0,30.0,35.0,38.0,2
1103,2024.01.20,10.0,12.0,29.0,31.0,40.0,44.0,2
1102,2024.01.13,13.0,14.0,22.0,26.0,37.0,38.0,20
1101,2024.01.06,6.0,7.0,13.0,28.0,36.0,42.0,41
1100,2023.12.30,17.0,26.0,29.0,30.0,31.0,43.0,12
1099,2023.12.23,3.0,20.0,28.0,38.0,40.0,43.0,4
1098,2023.12.16,12.0,16.0,21.0,24.0,41.0,43.0,15
1097,2023.12.09,14.0,33.0,34.0,35.0,37.0,40.0,4
1096,2023.12.02,1.0,12.0,16.0,19.0,23.0,43.0,34
1095,2023.11.25,8.0,14.0,28.0,29.0,34.0,40.0,12
1094,2023.11.18,6.0,7.0,15.0,22.0,26.0,40.0,41
1093,2023.11.11,10.0,17.0,22.0,30.0,35.0,43.0,44
1092,2023.11.04,7.0,18.0,19.0,26.0,33.0,45.0,37
1091,2023.10.28,6.0,20.0,23.0,24.0,28.0,30.0,44
1090,2023.10.21,12.0,19.0,21.0,29.0,40.0,45.0,1
1089,2023.10.14,4.0,18.0,31.0,37.0,42.0,43.0,40
1088,2023.10.07,11.0,21.0,22.0,30.0,39.0,44.0,31
1087,2023.09.30,13.0,14.0,18.0,21.0,34.0,44.0,16
1086,2023.09.23,11.0,16.0,25.0,27.0,35.0,36.0,37
1085,2023.09.16,4.0,7.0,17.0,18.0,38.0,44.0,36
1084,2023.09.09,8.0,12.0,13.0,29.0,33.0,42.0,5
1083,2023.09.02,3.0,7.0,14.0,15.0,22.0,38.0,17
1082,2023.08.26,21.0,26.0,27.0,32.0,34.0,42.0,31
1081,2023.08.19,1.0,9.0,16.0,23.0,24.0,38.0,17
1080,2023.08.12,13.0,16.0,23.0,31.0,36.0,44.0,38
1079,2023.08.05,4.0,8.0,18.0,24.0,37.0,45.0,6
1078,2023.07.29,6.0,10.0,11.0,14.0,36.0,38.0,43
1077,2023.07.22,4.0,8.0,17.0,30.0,40.0,43.0,34
1076,2023.07.15,3.0,7.0,9.0,33.0,36.0,37.0,10
1075,2023.07.08,1.0,23.0,24.0,35.0,44.0,45.0,10
1074,2023.07.01,1.0,6.0,20.0,27.0,28.0,41.0,15
1073,2023.06.24,6.0,18.0,28.0,30.0,32.0,38.0,15
1072,2023.06.17,16.0,18.0,20.0,23.0,32.0,43.0,27
1071,2023.06.10,1.0,2.0,11.0,21.0,30.0,35.0,39
1070,2023.06.03,3.0,6.0,14.0,22.0,30.0,41.0,36
1069,2023.05.27,1.0,10.0,18.0,22.0,28.0,31.0,44
1068,2023.05.20,4.0,7.0,19.0,26.0,33.0,35.0,3
1067,2023.05.13,7.0,10.0,19.0,23.0,28.0,33.0,18
1066,2023.05.06,6.0,11.0,16.0,19.0,21.0,32.0,45
1065,2023.04.29,3.0,18.0,19.0,23.0,32.0,45.0,24
1064,2023.04.22,3.0,6.0,9.0,18.0,22.0,35.0,14
1063,2023.04.15,3.0,6.0,22.0,23.0,24.0,38.0,30
1062,2023.04.08,20.0,31.0,32.0,40.0,41.0,45.0,12
1061,2023.04.01,4.0,24.0,27.0,35.0,37.0,45.0,15
1060,2023.03.25,3.0,10.0,24.0,33.0,38.0,45.0,36
1059,2023.03.18,7.0,10.0,22.0,25.0,34.0,40.0,27
1058,2023.03.11,11.0,23.0,25.0,30.0,32.0,40.0,42
1057,2023.03.04,8.0,13.0,19.0,27.0,40.0,45.0,12
1056,2023.02.25,13.0,20.0,24.0,32.0,36.0,45.0,29
1055,2023.02.18,4.0,7.0,12.0,14.0,22.0,33.0,31
1054,2023.02.11,14.0,19.0,27.0,28.0,30.0,45.0,33
1053,2023.02.04,22.0,26.0,29.0,30.0,34.0,45.0,15
1052,2023.01.28,5.0,17.0,26.0,27.0,35.0,38.0,1
1051,2023.01.21,21.0,26.0,30.0,32.0,33.0,35.0,44
1050,2023.01.14,6.0,12.0,31.0,35.0,38.0,43.0,17
1049,2023.01.07,3.0,5.0,13.0,20.0,21.0,37.0,17
1048,2022.12.31,6.0,12.0,17.0,21.0,32.0,39.0,30
1047,2022.12.24,2.0,20.0,33.0,40.0,42.0,44.0,32
1046,2022.12.17,7.0,16.0,25.0,29.0,35.0,36.0,28
1045,2022.12.10,6.0,14.0,15.0,19.0,21.0,41.0,37
1044,2022.12.03,12.0,17.0,20.0,26.0,28.0,36.0,4
1043,2022.11.26,3.0,5.0,12.0,22.0,26.0,31.0,19
1042,2022.11.19,5.0,14.0,15.0,23.0,34.0,43.0,4
1041,2022.11.12,6.0,7.0,9.0,11.0,17.0,18.0,45
1040,2022.11.05,8.0,16.0,26.0,29.0,31.0,36.0,11
1039,2022.10.29,2.0,3.0,6.0,19.0,36.0,39.0,26
1038,2022.10.22,7.0,16.0,24.0,27.0,37.0,44.0,2
1037,2022.10.15,2.0,14.0,15.0,22.0,27.0,33.0,31
1036,2022.10.08,2.0,5.0,22.0,32.0,34.0,45.0,39
1035,2022.10.01,9.0,14.0,34.0,35.0,41.0,42.0,2
1034,2022.09.24,26.0,31.0,32.0,33.0,38.0,40.0,11
1033,2022.09.17,3.0,11.0,15.0,20.0,35.0,44.0,10
1032,2022.09.10,1.0,6.0,12.0,19.0,36.0,42.0,28
1031,2022.09.03,6.0,7.0,22.0,32.0,35.0,36.0,19
1030,2022.08.27,2.0,5.0,11.0,17.0,24.0,29.0,9
1029,2022.08.20,12.0,30.0,32.0,37.0,39.0,41.0,24
1028,2022.08.13,5.0,7.0,12.0,13.0,18.0,35.0,23
1027,2022.08.06,14.0,16.0,27.0,35.0,39.0,45.0,5
1026,2022.07.30,5.0,12.0,13.0,31.0,32.0,41.0,34
1025,2022.07.23,8.0,9.0,20.0,25.0,29.0,33.0,7
1024,2022.07.16,9.0,18.0,20.0,22.0,38.0,44.0,10
1023,2022.07.09,10.0,14.0,16.0,18.0,29.0,35.0,25
1022,2022.07.02,5.0,6.0,11.0,29.0,42.0,45.0,28
1021,2022.06.25,12.0,15.0,17.0,24.0,29.0,45.0,16
1020,2022.06.18,12.0,27.0,29.0,38.0,41.0,45.0,6
1019,2022.06.11,1.0,4.0,13.0,17.0,34.0,39.0,6
1018,2022.06.04,3.0,19.0,21.0,25.0,37.0,45.0,35
1017,2022.05.28,12.0,18.0,22.0,23.0,30.0,34.0,32
1016,2022.05.21,15.0,26.0,28.0,34.0,41.0,42.0,44
1015,2022.05.14,14.0,23.0,31.0,33.0,37.0,40.0,44
1014,2022.05.07,3.0,11.0,14.0,18.0,26.0,27.0,21
1013,2022.04.30,21.0,22.0,26.0,34.0,36.0,41.0,32
1012,2022.04.23,5.0,11.0,18.0,20.0,35.0,45.0,3
1011,2022.04.16,1.0,9.0,12.0,26.0,35.0,38.0,42
1010,2022.04.09,9.0,12.0,15.0,25.0,34.0,36.0,3
1009,2022.04.02,15.0,23.0,29.0,34.0,40.0,44.0,20
1008,2022.03.26,9.0,11.0,30.0,31.0,41.0,44.0,33
1007,2022.03.19,8.0,11.0,16.0,19.0,21.0,25.0,40
1006,2022.03.12,8.0,11.0,15.0,16.0,17.0,37.0,36
1005,2022.03.05,8.0,13.0,18.0,24.0,27.0,29.0,17
1004,2022.02.26,7.0,15.0,30.0,37.0,39.0,44.0,18
1003,2022.02.19,1.0,4.0,29.0,39.0,43.0,45.0,31
1002,2022.02.12,17.0,25.0,33.0,35.0,38.0,45.0,15
1001,2022.02.05,6.0,10.0,12.0,14.0,20.0,42.0,15
1000,2022.01.29,2.0,8.0,19.0,22.0,32.0,42.0,39
999,2022.01.22,1.0,3.0,9.0,14.0,18.0,28.0,34
998,2022.01.15,13.0,17.0,18.0,20.0,42.0,45.0,41
997,2022.01.08,4.0,7.0,14.0,16.0,24.0,44.0,20
996,2022.01.01,6.0,11.0,15.0,24.0,32.0,39.0,28
995,2021.12.25,1.0,4.0,13.0,29.0,38.0,39.0,7
994,2021.12.18,1.0,3.0,8.0,24.0,27.0,35.0,28
993,2021.12.11,6.0,14.0,16.0,18.0,24.0,42.0,44
992,2021.12.04,12.0,20.0,26.0,33.0,44.0,45.0,24
991,2021.11.27,13.0,18.0,25.0,31.0,33.0,44.0,38
990,2021.11.20,2.0,4.0,25.0,26.0,36.0,37.0,28
989,2021.11.13,17.0,18.0,21.0,27.0,29.0,33.0,26
988,2021.11.06,2.0,13.0,20.0,30.0,31.0,41.0,27
987,2021.10.30,2.0,4.0,15.0,23.0,29.0,38.0,7
986,2021.10.23,7.0,10.0,16.0,28.0,41.0,42.0,40
985,2021.10.16,17.0,21.0,23.0,30.0,34.0,44.0,19
984,2021.10.09,3.0,10.0,23.0,35.0,36.0,37.0,18
983,2021.10.02,13.0,23.0,26.0,31.0,35.0,43.0,15
982,2021.09.25,5.0,7.0,13.0,20.0,21.0,44.0,33
981,2021.09.18,27.0,36.0,37.0,41.0,43.0,45.0,32
980,2021.09.11,3.0,13.0,16.0,23.0,24.0,35.0,14
979,2021.09.04,7.0,11.0,16.0,21.0,27.0,33.0,24
978,2021.08.28,1.0,7.0,15.0,32.0,34.0,42.0,8
977,2021.08.21,2.0,9.0,10.0,14.0,22.0,44.0,16
976,2021.08.14,4.0,12.0,14.0,25.0,35.0,37.0,2
975,2021.08.07,7.0,8.0,9.0,17.0,22.0,24.0,5
974,2021.07.31,1.0,2.0,11.0,16.0,39.0,44.0,32
973,2021.07.24,22.0,26.0,31.0,37.0,41.0,42.0,24
972,2021.07.17,3.0,6.0,17.0,23.0,37.0,39.0,26
971,2021.07.10,2.0,6.0,17.0,18.0,21.0,26.0,7
970,2021.07.03,9.0,11.0,16.0,21.0,28.0,36.0,5
969,2021.06.26,3.0,9.0,10.0,29.0,40.0,45.0,7
968,2021.06.19,2.0,5.0,12.0,14.0,24.0,39.0,33
967,2021.06.12,1.0,6.0,13.0,37.0,38.0,40.0,9
966,2021.06.05,1.0,21.0,25.0,29.0,34.0,37.0,36
965,2021.05.29,2.0,13.0,25.0,28.0,29.0,36.0,34
964,2021.05.22,6.0,21.0,36.0,38.0,39.0,43.0,30
963,2021.05.15,6.0,12.0,19.0,23.0,34.0,42.0,35
962,2021.05.08,1.0,18.0,28.0,31.0,34.0,43.0,40
961,2021.05.01,11.0,20.0,29.0,31.0,33.0,42.0,43
960,2021.04.24,2.0,18.0,24.0,30.0,32.0,45.0,14
959,2021.04.17,1.0,14.0,15.0,24.0,40.0,41.0,35
958,2021.04.10,2.0,9.0,10.0,16.0,35.0,37.0,1
957,2021.04.03,4.0,15.0,24.0,35.0,36.0,40.0,1
956,2021.03.27,10.0,11.0,20.0,21.0,25.0,41.0,40
955,2021.03.20,4.0,9.0,23.0,26.0,29.0,33.0,8
954,2021.03.13,1.0,9.0,26.0,28.0,30.0,41.0,32
953,2021.03.06,7.0,9.0,22.0,27.0,37.0,42.0,34
952,2021.02.27,4.0,12.0,22.0,24.0,33.0,41.0,38
951,2021.02.20,2.0,12.0,30.0,31.0,39.0,43.0,38
950,2021.02.13,3.0,4.0,15.0,22.0,28.0,40.0,10
949,2021.02.06,14.0,21.0,35.0,36.0,40.0,44.0,30
948,2021.01.30,13.0,18.0,30.0,31.0,38.0,41.0,5
947,2021.01.23,3.0,8.0,17.0,20.0,27.0,35.0,26
946,2021.01.16,9.0,18.0,19.0,30.0,34.0,40.0,20
945,2021.01.09,9.0,10.0,15.0,30.0,33.0,37.0,26
944,2021.01.02,2.0,13.0,16.0,19.0,32.0,33.0,42
943,2020.12.26,1.0,8.0,13.0,36.0,44.0,45.0,39
942,2020.12.19,10.0,12.0,18.0,35.0,42.0,43.0,39
941,2020.12.12,12.0,14.0,25.0,27.0,39.0,40.0,35
940,2020.12.05,3.0,15.0,20.0,22.0,24.0,41.0,11
939,2020.11.28,4.0,11.0,28.0,39.0,42.0,45.0,6
938,2020.11.21,4.0,8.0,10.0,16.0,31.0,36.0,9
937,2020.11.14,2.0,10.0,13.0,22.0,29.0,40.0,26
936,2020.11.07,7.0,11.0,13.0,17.0,18.0,29.0,43
935,2020.10.31,4.0,10.0,20.0,32.0,38.0,44.0,18
934,2020.10.24,1.0,3.0,30.0,33.0,36.0,39.0,12
933,2020.10.17,23.0,27.0,29.0,31.0,36.0,45.0,37
932,2020.10.10,1.0,6.0,15.0,36.0,37.0,38.0,5
931,2020.10.03,14.0,15.0,23.0,25.0,35.0,43.0,32
930,2020.09.26,8.0,21.0,25.0,38.0,39.0,44.0,28
929,2020.09.19,7.0,9.0,12.0,15.0,19.0,23.0,4
928,2020.09.12,3.0,4.0,10.0,20.0,28.0,44.0,30
927,2020.09.05,4.0,15.0,22.0,38.0,41.0,43.0,26
926,2020.08.29,10.0,16.0,18.0,20.0,25.0,31.0,6
925,2020.08.22,13.0,24.0,32.0,34.0,39.0,42.0,4
924,2020.08.15,3.0,11.0,34.0,42.0,43.0,44.0,13
923,2020.08.08,3.0,17.0,18.0,23.0,36.0,41.0,26
922,2020.08.01,2.0,6.0,13.0,17.0,27.0,43.0,36
921,2020.07.25,5.0,7.0,12.0,22.0,28.0,41.0,1
920,2020.07.18,2.0,3.0,26.0,33.0,34.0,43.0,29
919,2020.07.11,9.0,14.0,17.0,18.0,42.0,44.0,35
918,2020.07.04,7.0,11.0,12.0,31.0,33.0,38.0,5
917,2020.06.27,1.0,3.0,23.0,24.0,27.0,43.0,34
916,2020.06.20,6.0,21.0,22.0,32.0,35.0,36.0,17
915,2020.06.13,2.0,6.0,11.0,13.0,22.0,37.0,14
914,2020.06.06,16.0,19.0,24.0,33.0,42.0,44.0,27
913,2020.05.30,6.0,14.0,16.0,21.0,27.0,37.0,40
912,2020.05.23,5.0,8.0,18.0,21.0,22.0,38.0,10
911,2020.05.16,4.0,5.0,12.0,14.0,32.0,42.0,35
910,2020.05.09,1.0,11.0,17.0,27.0,35.0,39.0,31
909,2020.05.02,7.0,24.0,29.0,30.0,34.0,35.0,33
908,2020.04.25,3.0,16.0,21.0,22.0,23.0,44.0,30
907,2020.04.18,21.0,27.0,29.0,38.0,40.0,44.0,37
906,2020.04.11,2.0,5.0,14.0,28.0,31.0,32.0,20
905,2020.04.04,3.0,4.0,16.0,27.0,38.0,40.0,20
904,2020.03.28,2.0,6.0,8.0,26.0,43.0,45.0,11
903,2020.03.21,2.0,15.0,16.0,21.0,22.0,28.0,45
902,2020.03.14,7.0,19.0,23.0,24.0,36.0,39.0,30
901,2020.03.07,5.0,18.0,20.0,23.0,30.0,34.0,21
900,2020.02.29,7.0,13.0,16.0,18.0,35.0,38.0,14
899,2020.02.22,8.0,19.0,20.0,21.0,33.0,39.0,37
898,2020.02.15,18.0,21.0,28.0,35.0,37.0,42.0,17
897,2020.02.08,6.0,7.0,12.0,22.0,26.0,36.0,29
896,2020.02.01,5.0,12.0,25.0,26.0,38.0,45.0,23
895,2020.01.25,16.0,26.0,31.0,38.0,39.0,41.0,23
894,2020.01.18,19.0,32.0,37.0,40.0,41.0,43.0,45
893,2020.01.11,1.0,15.0,17.0,23.0,25.0,41.0,10
892,2020.01.04,4.0,9.0,17.0,18.0,26.0,42.0,36
891,2019.12.28,9.0,13.0,28.0,31.0,39.0,41.0,19
890,2019.12.21,1.0,4.0,14.0,18.0,29.0,37.0,6
889,2019.12.14,3.0,13.0,29.0,38.0,39.0,42.0,26
888,2019.12.07,3.0,7.0,12.0,31.0,34.0,38.0,32
887,2019.11.30,8.0,14.0,17.0,27.0,36.0,45.0,10
886,2019.11.23,19.0,23.0,28.0,37.0,42.0,45.0,2
885,2019.11.16,1.0,3.0,24.0,27.0,39.0,45.0,31
884,2019.11.09,4.0,14.0,23.0,28.0,37.0,45.0,17
883,2019.11.02,9.0,18.0,32.0,33.0,37.0,44.0,22
882,2019.10.26,18.0,34.0,39.0,43.0,44.0,45.0,23
881,2019.10.19,4.0,18.0,20.0,26.0,27.0,32.0,9
880,2019.10.12,7.0,17.0,19.0,23.0,24.0,45.0,38
879,2019.10.05,1.0,4.0,10.0,14.0,15.0,35.0,20
878,2019.09.28,2.0,6.0,11.0,16.0,25.0,31.0,3
877,2019.09.21,5.0,17.0,18.0,22.0,23.0,43.0,12
876,2019.09.14,5.0,16.0,21.0,26.0,34.0,42.0,24
875,2019.09.07,19.0,22.0,30.0,34.0,39.0,44.0,36
874,2019.08.31,1.0,15.0,19.0,23.0,28.0,42.0,32
873,2019.08.24,3.0,5.0,12.0,13.0,33.0,39.0,38
872,2019.08.17,2.0,4.0,30.0,32.0,33.0,43.0,29
871,2019.08.10,2.0,6.0,12.0,26.0,30.0,34.0,38
870,2019.08.03,21.0,25.0,30.0,32.0,40.0,42.0,31
869,2019.07.27,2.0,6.0,20.0,27.0,37.0,39.0,4
868,2019.07.20,12.0,17.0,28.0,41.0,43.0,44.0,25
867,2019.07.13,14.0,17.0,19.0,22.0,24.0,40.0,41
866,2019.07.06,9.0,15.0,29.0,34.0,37.0,39.0,12
865,2019.06.29,3.0,15.0,22.0,32.0,33.0,45.0,2
864,2019.06.22,3.0,7.0,10.0,13.0,25.0,36.0,32
863,2019.06.15,16.0,21.0,28.0,35.0,39.0,43.0,12
862,2019.06.08,10.0,34.0,38.0,40.0,42.0,43.0,32
861,2019.06.01,11.0,17.0,19.0,21.0,22.0,25.0,24
860,2019.05.25,4.0,8.0,18.0,25.0,27.0,32.0,42
859,2019.05.18,8.0,22.0,35.0,38.0,39.0,41.0,24
858,2019.05.11,9.0,13.0,32.0,38.0,39.0,43.0,23
857,2019.05.04,6.0,10.0,16.0,28.0,34.0,38.0,43
856,2019.04.27,10.0,24.0,40.0,41.0,43.0,44.0,17
855,2019.04.20,8.0,15.0,17.0,19.0,43.0,44.0,7
854,2019.04.13,20.0,25.0,31.0,32.0,36.0,43.0,3
853,2019.04.06,2.0,8.0,23.0,26.0,27.0,44.0,13
852,2019.03.30,11.0,17.0,28.0,30.0,33.0,35.0,9
851,2019.03.23,14.0,18.0,22.0,26.0,31.0,44.0,40
850,2019.03.16,16.0,20.0,24.0,28.0,36.0,39.0,5
849,2019.03.09,5.0,13.0,17.0,29.0,34.0,39.0,3
848,2019.03.02,1.0,2.0,16.0,22.0,38.0,39.0,34
847,2019.02.23,12.0,16.0,26.0,28.0,30.0,42.0,22
846,2019.02.16,5.0,18.0,30.0,41.0,43.0,45.0,13
845,2019.02.09,1.0,16.0,29.0,33.0,40.0,45.0,6
844,2019.02.02,7.0,8.0,13.0,15.0,33.0,45.0,18
843,2019.01.26,19.0,21.0,30.0,33.0,34.0,42.0,4
842,2019.01.19,14.0,26.0,32.0,36.0,39.0,42.0,38
841,2019.01.12,5.0,11.0,14.0,30.0,33.0,38.0,24
840,2019.01.05,2.0,4.0,11.0,28.0,29.0,43.0,27
839,2018.12.29,3.0,9.0,11.0,12.0,13.0,19.0,35
838,2018.12.22,9.0,14.0,17.0,33.0,36.0,38.0,20
837,2018.12.15,2.0,25.0,28.0,30.0,33.0,45.0,6
836,2018.12.08,1.0,9.0,11.0,14.0,26.0,28.0,19
835,2018.12.01,9.0,10.0,13.0,28.0,38.0,45.0,35
834,2018.11.24,6.0,8.0,18.0,35.0,42.0,43.0,3
833,2018.11.17,12.0,18.0,30.0,39.0,41.0,42.0,19
832,2018.11.10,13.0,14.0,19.0,26.0,40.0,43.0,30
831,2018.11.03,3.0,10.0,16.0,19.0,31.0,39.0,9
830,2018.10.27,5.0,6.0,16.0,18.0,37.0,38.0,17
829,2018.10.20,4.0,5.0,31.0,35.0,43.0,45.0,29
828,2018.10.13,4.0,7.0,13.0,29.0,31.0,39.0,18
827,2018.10.06,5.0,11.0,12.0,29.0,33.0,44.0,14
826,2018.09.29,13.0,16.0,24.0,25.0,33.0,36.0,42
825,2018.09.22,8.0,15.0,21.0,31.0,33.0,38.0,42
824,2018.09.15,7.0,9.0,24.0,29.0,34.0,38.0,26
823,2018.09.08,12.0,18.0,24.0,26.0,39.0,40.0,15
822,2018.09.01,9.0,18.0,20.0,24.0,27.0,36.0,12
821,2018.08.25,1.0,12.0,13.0,24.0,29.0,44.0,16
820,2018.08.18,10.0,21.0,22.0,30.0,35.0,42.0,6
819,2018.08.11,16.0,25.0,33.0,38.0,40.0,45.0,15
818,2018.08.04,14.0,15.0,25.0,28.0,29.0,30.0,3
817,2018.07.28,3.0,9.0,12.0,13.0,25.0,43.0,34
816,2018.07.21,12.0,18.0,19.0,29.0,31.0,39.0,7
815,2018.07.14,17.0,21.0,25.0,26.0,27.0,36.0,4
814,2018.07.07,2.0,21.0,28.0,38.0,42.0,45.0,30
813,2018.06.30,11.0,30.0,34.0,35.0,42.0,44.0,27
812,2018.06.23,1.0,3.0,12.0,14.0,16.0,43.0,10
811,2018.06.16,8.0,11.0,19.0,21.0,36.0,45.0,25
810,2018.06.09,5.0,10.0,13.0,21.0,39.0,43.0,11
809,2018.06.02,6.0,11.0,15.0,17.0,23.0,40.0,39
808,2018.05.26,15.0,21.0,31.0,32.0,41.0,43.0,24
807,2018.05.19,6.0,10.0,18.0,25.0,34.0,35.0,33
806,2018.05.12,14.0,20.0,23.0,31.0,37.0,38.0,27
805,2018.05.05,3.0,12.0,13.0,18.0,31.0,32.0,42
804,2018.04.28,1.0,10.0,13.0,26.0,32.0,36.0,9
803,2018.04.21,5.0,9.0,14.0,26.0,30.0,43.0,2
802,2018.04.14,10.0,11.0,12.0,18.0,24.0,42.0,27
801,2018.04.07,17.0,25.0,28.0,37.0,43.0,44.0,2
800,2018.03.31,1.0,4.0,10.0,12.0,28.0,45.0,26
799,2018.03.24,12.0,17.0,23.0,34.0,42.0,45.0,33
798,2018.03.17,2.0,10.0,14.0,22.0,32.0,36.0,41
797,2018.03.10,5.0,22.0,31.0,32.0,39.0,45.0,36
796,2018.03.03,1.0,21.0,26.0,36.0,40.0,41.0,5
795,2018.02.24,3.0,10.0,13.0,26.0,34.0,38.0,36
794,2018.02.17,6.0,7.0,18.0,19.0,30.0,38.0,13
793,2018.02.10,10.0,15.0,21.0,35.0,38.0,43.0,31
792,2018.02.03,2.0,7.0,19.0,25.0,29.0,36.0,16
791,2018.01.27,2.0,10.0,12.0,31.0,33.0,42.0,32
790,2018.01.20,3.0,8.0,19.0,27.0,30.0,41.0,12
789,2018.01.13,2.0,6.0,7.0,12.0,19.0,45.0,38
788,2018.01.06,2.0,10.0,11.0,19.0,35.0,39.0,29
787,2017.12.30,5.0,6.0,13.0,16.0,27.0,28.0,9
786,2017.12.23,12.0,15.0,16.0,20.0,24.0,30.0,38
785,2017.12.16,4.0,6.0,15.0,25.0,26.0,33.0,40
784,2017.12.09,3.0,10.0,23.0,24.0,31.0,39.0,22
783,2017.12.02,14.0,15.0,16.0,17.0,38.0,45.0,36
782,2017.11.25,6.0,18.0,31.0,34.0,38.0,45.0,20
781,2017.11.18,11.0,16.0,18.0,19.0,24.0,39.0,43
780,2017.11.11,15.0,17.0,19.0,21.0,27.0,45.0,16
779,2017.11.04,6.0,12.0,19.0,24.0,34.0,41.0,4
778,2017.10.28,6.0,21.0,35.0,36.0,37.0,41.0,11
777,2017.10.21,6.0,12.0,17.0,21.0,34.0,37.0,18
776,2017.10.14,8.0,9.0,18.0,21.0,28.0,40.0,20
775,2017.10.07,11.0,12.0,29.0,33.0,38.0,42.0,17
774,2017.09.30,12.0,15.0,18.0,28.0,34.0,42.0,9
773,2017.09.23,8.0,12.0,19.0,21.0,31.0,35.0,44
772,2017.09.16,5.0,6.0,11.0,14.0,21.0,41.0,32
771,2017.09.09,6.0,10.0,17.0,18.0,21.0,29.0,30
770,2017.09.02,1.0,9.0,12.0,23.0,39.0,43.0,34
769,2017.08.26,5.0,7.0,11.0,16.0,41.0,45.0,4
768,2017.08.19,7.0,27.0,29.0,30.0,38.0,44.0,4
767,2017.08.12,5.0,15.0,20.0,31.0,34.0,42.0,22
766,2017.08.05,9.0,30.0,34.0,35.0,39.0,41.0,21
765,2017.07.29,1.0,3.0,8.0,12.0,42.0,43.0,33
764,2017.07.22,7.0,22.0,24.0,31.0,34.0,36.0,15
763,2017.07.15,3.0,8.0,16.0,32.0,34.0,43.0,10
762,2017.07.08,1.0,3.0,12.0,21.0,26.0,41.0,16
761,2017.07.01,4.0,7.0,11.0,24.0,42.0,45.0,30
760,2017.06.24,10.0,22.0,27.0,31.0,42.0,43.0,12
759,2017.06.17,9.0,33.0,36.0,40.0,42.0,43.0,32
758,2017.06.10,5.0,9.0,12.0,30.0,39.0,43.0,24
757,2017.06.03,6.0,7.0,11.0,17.0,33.0,44.0,1
756,2017.05.27,10.0,14.0,16.0,18.0,27.0,28.0,4
755,2017.05.20,13.0,14.0,26.0,28.0,30.0,36.0,37
754,2017.05.13,2.0,8.0,17.0,24.0,29.0,31.0,32
753,2017.05.06,2.0,17.0,19.0,24.0,37.0,41.0,3
752,2017.04.29,4.0,16.0,20.0,33.0,40.0,43.0,7
751,2017.04.22,3.0,4.0,16.0,20.0,28.0,44.0,17
750,2017.04.15,1.0,2.0,15.0,19.0,24.0,36.0,12
749,2017.04.08,12.0,14.0,24.0,26.0,34.0,45.0,41
748,2017.04.01,3.0,10.0,13.0,22.0,31.0,32.0,29
747,2017.03.25,7.0,9.0,12.0,14.0,23.0,28.0,17
746,2017.03.18,3.0,12.0,33.0,36.0,42.0,45.0,25
745,2017.03.11,1.0,2.0,3.0,9.0,12.0,23.0,10
744,2017.03.04,10.0,15.0,18.0,21.0,34.0,41.0,43
743,2017.02.25,15.0,19.0,21.0,34.0,41.0,44.0,10
742,2017.02.18,8.0,10.0,13.0,36.0,37.0,40.0,6
741,2017.02.11,5.0,21.0,27.0,34.0,44.0,45.0,16
740,2017.02.04,4.0,8.0,9.0,16.0,17.0,19.0,31
739,2017.01.28,7.0,22.0,29.0,33.0,34.0,35.0,30
738,2017.01.21,23.0,27.0,28.0,38.0,42.0,43.0,36
737,2017.01.14,13.0,15.0,18.0,24.0,27.0,41.0,11
736,2017.01.07,2.0,11.0,17.0,18.0,21.0,27.0,6
735,2016.12.31,5.0,10.0,13.0,27.0,37.0,41.0,4
734,2016.12.24,6.0,16.0,37.0,38.0,41.0,45.0,18
733,2016.12.17,11.0,24.0,32.0,33.0,35.0,40.0,13
732,2016.12.10,2.0,4.0,5.0,17.0,27.0,32.0,43
731,2016.12.03,2.0,7.0,13.0,25.0,42.0,45.0,39
730,2016.11.26,4.0,10.0,14.0,15.0,18.0,22.0,39
729,2016.11.19,11.0,17.0,21.0,26.0,36.0,45.0,16
728,2016.11.12,3.0,6.0,10.0,30.0,34.0,37.0,36
727,2016.11.05,7.0,8.0,10.0,19.0,21.0,31.0,20
726,2016.10.29,1.0,11.0,21.0,23.0,34.0,44.0,24
725,2016.10.22,6.0,7.0,19.0,21.0,41.0,43.0,38
724,2016.10.15,2.0,8.0,33.0,35.0,37.0,41.0,14
723,2016.10.08,20.0,30.0,33.0,35.0,36.0,44.0,22
722,2016.10.01,12.0,14.0,21.0,30.0,39.0,43.0,45
721,2016.09.24,1.0,28.0,35.0,41.0,43.0,44.0,31
720,2016.09.17,1.0,12.0,29.0,34.0,36.0,37.0,41
719,2016.09.10,4.0,8.0,13.0,19.0,20.0,43.0,26
718,2016.09.03,4.0,11.0,20.0,23.0,32.0,39.0,40
717,2016.08.27,2.0,11.0,19.0,25.0,28.0,32.0,44
716,2016.08.20,2.0,6.0,13.0,16.0,29.0,30.0,21
715,2016.08.13,2.0,7.0,27.0,33.0,41.0,44.0,10
714,2016.08.06,1.0,7.0,22.0,33.0,37.0,40.0,20
713,2016.07.30,2.0,5.0,15.0,18.0,19.0,23.0,44
712,2016.07.23,17.0,20.0,30.0,31.0,33.0,45.0,19
711,2016.07.16,11.0,15.0,24.0,35.0,37.0,45.0,42
710,2016.07.09,3.0,4.0,9.0,24.0,25.0,33.0,10
709,2016.07.02,10.0,18.0,30.0,36.0,39.0,44.0,32
708,2016.06.25,2.0,10.0,16.0,19.0,34.0,45.0,1
707,2016.06.18,2.0,12.0,19.0,24.0,39.0,44.0,35
706,2016.06.11,3.0,4.0,6.0,10.0,28.0,30.0,37
705,2016.06.04,1.0,6.0,17.0,22.0,28.0,45.0,23
704,2016.05.28,1.0,4.0,8.0,23.0,33.0,42.0,45
703,2016.05.21,10.0,28.0,31.0,33.0,41.0,44.0,21
702,2016.05.14,3.0,13.0,16.0,24.0,26.0,29.0,9
701,2016.05.07,3.0,10.0,14.0,16.0,36.0,38.0,35
700,2016.04.30,11.0,23.0,28.0,29.0,30.0,44.0,13
699,2016.04.23,4.0,5.0,8.0,16.0,21.0,29.0,3
698,2016.04.16,3.0,11.0,13.0,21.0,33.0,37.0,18
697,2016.04.09,2.0,5.0,8.0,11.0,33.0,39.0,31
696,2016.04.02,1.0,7.0,16.0,18.0,34.0,38.0,21
695,2016.03.26,4.0,18.0,26.0,33.0,34.0,38.0,14
694,2016.03.19,7.0,15.0,20.0,25.0,33.0,43.0,12
693,2016.03.12,1.0,6.0,11.0,28.0,34.0,42.0,30
692,2016.03.05,3.0,11.0,14.0,15.0,32.0,36.0,44
691,2016.02.27,15.0,27.0,33.0,35.0,43.0,45.0,16
690,2016.02.20,24.0,25.0,33.0,34.0,38.0,39.0,43
689,2016.02.13,7.0,17.0,19.0,30.0,36.0,38.0,34
688,2016.02.06,5.0,15.0,22.0,23.0,34.0,35.0,2
687,2016.01.30,1.0,8.0,10.0,13.0,28.0,42.0,45
686,2016.01.23,7.0,12.0,15.0,24.0,25.0,43.0,13
685,2016.01.16,6.0,7.0,12.0,28.0,38.0,40.0,18
684,2016.01.09,1.0,11.0,15.0,17.0,25.0,39.0,40
683,2016.01.02,6.0,13.0,20.0,27.0,28.0,40.0,15
682,2015.12.26,17.0,23.0,27.0,35.0,38.0,43.0,2
681,2015.12.19,21.0,24.0,27.0,29.0,43.0,44.0,7
680,2015.12.12,4.0,10.0,19.0,29.0,32.0,42.0,30
679,2015.12.05,3.0,5.0,7.0,14.0,26.0,34.0,35
678,2015.11.28,4.0,5.0,6.0,12.0,25.0,37.0,45
677,2015.11.21,12.0,15.0,24.0,36.0,41.0,44.0,42
676,2015.11.14,1.0,8.0,17.0,34.0,39.0,45.0,27
675,2015.11.07,1.0,8.0,11.0,15.0,18.0,45.0,7
674,2015.10.31,9.0,10.0,14.0,25.0,27.0,31.0,11
673,2015.10.24,7.0,10.0,17.0,29.0,33.0,44.0,5
672,2015.10.17,8.0,21.0,28.0,31.0,36.0,45.0,43
671,2015.10.10,7.0,9.0,10.0,13.0,31.0,35.0,24
670,2015.10.03,11.0,18.0,26.0,27.0,40.0,41.0,25
669,2015.09.26,7.0,8.0,20.0,29.0,33.0,38.0,9
668,2015.09.19,12.0,14.0,15.0,24.0,27.0,32.0,3
667,2015.09.12,15.0,17.0,25.0,37.0,42.0,43.0,13
666,2015.09.05,2.0,4.0,6.0,11.0,17.0,28.0,16
665,2015.08.29,5.0,6.0,11.0,17.0,38.0,44.0,13
664,2015.08.22,10.0,20.0,33.0,36.0,41.0,44.0,5
663,2015.08.15,3.0,5.0,8.0,19.0,38.0,42.0,20
662,2015.08.08,5.0,6.0,9.0,11.0,15.0,37.0,26
661,2015.08.01,2.0,3.0,12.0,20.0,27.0,38.0,40
660,2015.07.25,4.0,9.0,23.0,33.0,39.0,44.0,14
659,2015.07.18,7.0,18.0,19.0,27.0,29.0,42.0,45
658,2015.07.11,8.0,19.0,25.0,28.0,32.0,36.0,37
657,2015.07.04,10.0,14.0,19.0,39.0,40.0,43.0,23
656,2015.06.27,3.0,7.0,14.0,16.0,31.0,40.0,39
655,2015.06.20,7.0,37.0,38.0,39.0,40.0,44.0,18
654,2015.06.13,16.0,21.0,26.0,31.0,36.0,43.0,6
653,2015.06.06,5.0,6.0,26.0,27.0,38.0,39.0,1
652,2015.05.30,3.0,13.0,15.0,40.0,41.0,44.0,20
651,2015.05.23,11.0,12.0,16.0,26.0,29.0,44.0,18
650,2015.05.16,3.0,4.0,7.0,11.0,31.0,41.0,35
649,2015.05.09,3.0,21.0,22.0,33.0,41.0,42.0,20
648,2015.05.02,13.0,19.0,28.0,37.0,38.0,43.0,4
647,2015.04.25,5.0,16.0,21.0,23.0,24.0,30.0,29
646,2015.04.18,2.0,9.0,24.0,41.0,43.0,45.0,30
645,2015.04.11,1.0,4.0,16.0,26.0,40.0,41.0,31
644,2015.04.04,5.0,13.0,17.0,23.0,28.0,36.0,8
643,2015.03.28,15.0,24.0,31.0,32.0,33.0,40.0,13
642,2015.03.21,8.0,17.0,18.0,24.0,39.0,45.0,32
641,2015.03.14,11.0,18.0,21.0,36.0,37.0,43.0,12
640,2015.03.07,14.0,15.0,18.0,21.0,26.0,35.0,23
639,2015.02.28,6.0,15.0,22.0,23.0,25.0,32.0,40
638,2015.02.21,7.0,18.0,22.0,24.0,31.0,34.0,6
637,2015.02.14,3.0,16.0,22.0,37.0,38.0,44.0,23
636,2015.02.07,6.0,7.0,15.0,16.0,20.0,31.0,26
635,2015.01.31,11.0,13.0,25.0,26.0,29.0,33.0,32
634,2015.01.24,4.0,10.0,11.0,12.0,20.0,27.0,38
633,2015.01.17,9.0,12.0,19.0,20.0,39.0,41.0,13
632,2015.01.10,15.0,18.0,21.0,32.0,35.0,44.0,6
631,2015.01.03,1.0,2.0,4.0,23.0,31.0,34.0,8
630,2014.12.27,8.0,17.0,21.0,24.0,27.0,31.0,15
629,2014.12.20,19.0,28.0,31.0,38.0,43.0,44.0,1
628,2014.12.13,1.0,7.0,12.0,15.0,23.0,42.0,11
627,2014.12.06,2.0,9.0,22.0,25.0,31.0,45.0,12
626,2014.11.29,13.0,14.0,26.0,33.0,40.0,43.0,15
625,2014.11.22,3.0,6.0,7.0,20.0,21.0,39.0,13
624,2014.11.15,1.0,7.0,19.0,26.0,27.0,35.0,16
623,2014.11.08,7.0,13.0,30.0,39.0,41.0,45.0,25
622,2014.11.01,9.0,15.0,16.0,21.0,28.0,34.0,24
621,2014.10.25,1.0,2.0,6.0,16.0,19.0,42.0,9
620,2014.10.18,2.0,16.0,17.0,32.0,39.0,45.0,40
619,2014.10.11,6.0,8.0,13.0,30.0,35.0,40.0,21
618,2014.10.04,8.0,16.0,25.0,30.0,42.0,43.0,15
617,2014.09.27,4.0,5.0,11.0,12.0,24.0,27.0,28
616,2014.09.20,5.0,13.0,18.0,23.0,40.0,45.0,3
615,2014.09.13,10.0,17.0,18.0,19.0,23.0,27.0,35
614,2014.09.06,8.0,21.0,25.0,39.0,40.0,44.0,18
613,2014.08.30,7.0,8.0,11.0,16.0,41.0,44.0,35
612,2014.08.23,6.0,9.0,18.0,19.0,25.0,33.0,40
611,2014.08.16,2.0,22.0,27.0,33.0,36.0,37.0,14
610,2014.08.09,14.0,18.0,20.0,23.0,28.0,36.0,33
609,2014.08.02,4.0,8.0,27.0,34.0,39.0,40.0,13
608,2014.07.26,4.0,8.0,18.0,19.0,39.0,44.0,41
607,2014.07.19,8.0,14.0,23.0,36.0,38.0,39.0,13
606,2014.07.12,1.0,5.0,6.0,14.0,20.0,39.0,22
605,2014.07.05,1.0,2.0,7.0,9.0,10.0,38.0,42
604,2014.06.28,2.0,6.0,18.0,21.0,33.0,34.0,30
603,2014.06.21,2.0,19.0,25.0,26.0,27.0,43.0,28
602,2014.06.14,13.0,14.0,22.0,27.0,30.0,38.0,2
601,2014.06.07,2.0,16.0,19.0,31.0,34.0,35.0,37
